longitude,latitude,landcover,landcover_class
-9.183,42.117,80,Permanent water bodies
-9.1,42.117,80,Permanent water bodies
-9.017,42.117,80,Permanent water bodies
-8.933,42.117,80,Permanent water bodies
-8.85,42.117,50,Built-up
-8.767,42.117,30,Grassland
-8.683,42.117,10,Tree cover
-8.6,42.117,10,Tree cover
-8.517,42.117,10,Tree cover
-8.433,42.117,10,Tree cover
-8.35,42.117,10,Tree cover
-8.267,42.117,30,Grassland
-8.183,42.117,30,Grassland
-8.1,42.117,30,Grassland
-8.017,42.117,30,Grassland
-7.933,42.117,10,Tree cover
-7.85,42.117,10,Tree cover
-7.767,42.117,10,Tree cover
-7.683,42.117,40,Cropland
-7.6,42.117,30,Grassland
-7.517,42.117,30,Grassland
-7.433,42.117,30,Grassland
-7.35,42.117,10,Tree cover
-7.267,42.117,30,Grassland
-7.183,42.117,10,Tree cover
-7.1,42.117,10,Tree cover
-7.017,42.117,30,Grassland
-6.933,42.117,30,Grassland
-6.85,42.117,30,Grassland
-6.767,42.117,10,Tree cover
-6.683,42.117,30,Grassland
-6.6,42.117,10,Tree cover
-6.517,42.117,10,Tree cover
-6.433,42.117,30,Grassland
-6.35,42.117,10,Tree cover
-6.267,42.117,10,Tree cover
-9.183,42.033,80,Permanent water bodies
-9.1,42.033,80,Permanent water bodies
-9.017,42.033,80,Permanent water bodies
-8.933,42.033,80,Permanent water bodies
-8.85,42.033,10,Tree cover
-8.767,42.033,30,Grassland
-8.683,42.033,10,Tree cover
-8.6,42.033,30,Grassland
-8.517,42.033,10,Tree cover
-8.433,42.033,30,Grassland
-8.35,42.033,30,Grassland
-8.267,42.033,30,Grassland
-8.183,42.033,30,Grassland
-8.1,42.033,30,Grassland
-8.017,42.033,10,Tree cover
-7.933,42.033,10,Tree cover
-7.85,42.033,40,Cropland
-7.767,42.033,30,Grassland
-7.683,42.033,40,Cropland
-7.6,42.033,30,Grassland
-7.517,42.033,30,Grassland
-7.433,42.033,10,Tree cover
-7.35,42.033,10,Tree cover
-7.267,42.033,30,Grassland
-7.183,42.033,10,Tree cover
-7.1,42.033,30,Grassland
-7.017,42.033,30,Grassland
-6.933,42.033,10,Tree cover
-6.85,42.033,10,Tree cover
-6.767,42.033,50,Built-up
-6.683,42.033,10,Tree cover
-6.6,42.033,10,Tree cover
-6.517,42.033,10,Tree cover
-6.433,42.033,30,Grassland
-6.35,42.033,20,Shrubland
-6.267,42.033,10,Tree cover
-9.183,41.95,80,Permanent water bodies
-9.1,41.95,80,Permanent water bodies
-9.017,41.95,80,Permanent water bodies
-8.933,41.95,80,Permanent water bodies
-8.85,41.95,10,Tree cover
-8.767,41.95,30,Grassland
-8.683,41.95,40,Cropland
-8.6,41.95,30,Grassland
-8.517,41.95,10,Tree cover
-8.433,41.95,10,Tree cover
-8.35,41.95,30,Grassland
-8.267,41.95,30,Grassland
-8.183,41.95,30,Grassland
-8.1,41.95,30,Grassland
-8.017,41.95,80,Permanent water bodies
-7.933,41.95,30,Grassland
-7.85,41.95,30,Grassland
-7.767,41.95,30,Grassland
-7.683,41.95,30,Grassland
-7.6,41.95,30,Grassland
-7.517,41.95,30,Grassland
-7.433,41.95,20,Shrubland
-7.35,41.95,30,Grassland
-7.267,41.95,30,Grassland
-7.183,41.95,10,Tree cover
-7.1,41.95,30,Grassland
-7.017,41.95,30,Grassland
-6.933,41.95,30,Grassland
-6.85,41.95,10,Tree cover
-6.767,41.95,30,Grassland
-6.683,41.95,30,Grassland
-6.6,41.95,30,Grassland
-6.517,41.95,30,Grassland
-6.433,41.95,30,Grassland
-6.35,41.95,10,Tree cover
-6.267,41.95,10,Tree cover
-9.1,41.867,80,Permanent water bodies
-9.017,41.867,80,Permanent water bodies
-8.933,41.867,80,Permanent water bodies
-8.85,41.867,80,Permanent water bodies
-8.767,41.867,30,Grassland
-8.683,41.867,10,Tree cover
-8.6,41.867,10,Tree cover
-8.517,41.867,10,Tree cover
-8.433,41.867,60,Bare / sparse vegetation
-8.35,41.867,30,Grassland
-8.267,41.867,10,Tree cover
-8.183,41.867,80,Permanent water bodies
-8.1,41.867,10,Tree cover
-8.017,41.867,30,Grassland
-7.933,41.867,30,Grassland
-7.85,41.867,10,Tree cover
-7.767,41.867,30,Grassland
-7.683,41.867,30,Grassland
-7.6,41.867,30,Grassland
-7.517,41.867,30,Grassland
-7.433,41.867,10,Tree cover
-7.35,41.867,10,Tree cover
-7.267,41.867,20,Shrubland
-7.183,41.867,30,Grassland
-7.1,41.867,20,Shrubland
-7.017,41.867,10,Tree cover
-6.933,41.867,10,Tree cover
-6.85,41.867,10,Tree cover
-6.767,41.867,30,Grassland
-6.683,41.867,10,Tree cover
-6.6,41.867,20,Shrubland
-6.517,41.867,30,Grassland
-6.433,41.867,30,Grassland
-6.35,41.867,30,Grassland
-6.267,41.867,10,Tree cover
-9.1,41.783,80,Permanent water bodies
-9.017,41.783,80,Permanent water bodies
-8.933,41.783,80,Permanent water bodies
-8.85,41.783,10,Tree cover
-8.767,41.783,10,Tree cover
-8.683,41.783,30,Grassland
-8.6,41.783,10,Tree cover
-8.517,41.783,40,Cropland
-8.433,41.783,10,Tree cover
-8.35,41.783,30,Grassland
-8.267,41.783,30,Grassland
-8.183,41.783,30,Grassland
-8.1,41.783,30,Grassland
-8.017,41.783,30,Grassland
-7.933,41.783,10,Tree cover
-7.85,41.783,30,Grassland
-7.767,41.783,30,Grassland
-7.683,41.783,30,Grassland
-7.6,41.783,30,Grassland
-7.517,41.783,30,Grassland
-7.433,41.783,10,Tree cover
-7.35,41.783,30,Grassland
-7.267,41.783,30,Grassland
-7.183,41.783,10,Tree cover
-7.1,41.783,10,Tree cover
-7.017,41.783,20,Shrubland
-6.933,41.783,10,Tree cover
-6.85,41.783,30,Grassland
-6.767,41.783,50,Built-up
-6.683,41.783,30,Grassland
-6.6,41.783,30,Grassland
-6.517,41.783,10,Tree cover
-6.433,41.783,20,Shrubland
-6.35,41.783,30,Grassland
-6.267,41.783,30,Grassland
-9.1,41.7,80,Permanent water bodies
-9.017,41.7,80,Permanent water bodies
-8.933,41.7,80,Permanent water bodies
-8.85,41.7,30,Grassland
-8.767,41.7,30,Grassland
-8.683,41.7,30,Grassland
-8.6,41.7,30,Grassland
-8.517,41.7,10,Tree cover
-8.433,41.7,10,Tree cover
-8.35,41.7,30,Grassland
-8.267,41.7,30,Grassland
-8.183,41.7,30,Grassland
-8.1,41.7,30,Grassland
-8.017,41.7,30,Grassland
-7.933,41.7,30,Grassland
-7.85,41.7,30,Grassland
-7.767,41.7,30,Grassland
-7.683,41.7,10,Tree cover
-7.6,41.7,30,Grassland
-7.517,41.7,60,Bare / sparse vegetation
-7.433,41.7,10,Tree cover
-7.35,41.7,10,Tree cover
-7.267,41.7,30,Grassland
-7.183,41.7,40,Cropland
-7.1,41.7,40,Cropland
-7.017,41.7,20,Shrubland
-6.933,41.7,60,Bare / sparse vegetation
-6.85,41.7,10,Tree cover
-6.767,41.7,10,Tree cover
-6.683,41.7,30,Grassland
-6.6,41.7,20,Shrubland
-6.517,41.7,10,Tree cover
-6.433,41.7,10,Tree cover
-6.35,41.7,30,Grassland
-6.267,41.7,20,Shrubland
-9.1,41.617,80,Permanent water bodies
-9.017,41.617,80,Permanent water bodies
-8.933,41.617,80,Permanent water bodies
-8.85,41.617,80,Permanent water bodies
-8.767,41.617,10,Tree cover
-8.683,41.617,10,Tree cover
-8.6,41.617,10,Tree cover
-8.517,41.617,10,Tree cover
-8.433,41.617,30,Grassland
-8.35,41.617,10,Tree cover
-8.267,41.617,10,Tree cover
-8.183,41.617,30,Grassland
-8.1,41.617,10,Tree cover
-8.017,41.617,10,Tree cover
-7.933,41.617,30,Grassland
-7.85,41.617,30,Grassland
-7.767,41.617,30,Grassland
-7.683,41.617,10,Tree cover
-7.6,41.617,10,Tree cover
-7.517,41.617,10,Tree cover
-7.433,41.617,30,Grassland
-7.35,41.617,30,Grassland
-7.267,41.617,40,Cropland
-7.183,41.617,60,Bare / sparse vegetation
-7.1,41.617,20,Shrubland
-7.017,41.617,30,Grassland
-6.933,41.617,40,Cropland
-6.85,41.617,60,Bare / sparse vegetation
-6.767,41.617,10,Tree cover
-6.683,41.617,30,Grassland
-6.6,41.617,30,Grassland
-6.517,41.617,30,Grassland
-6.433,41.617,10,Tree cover
-6.35,41.617,30,Grassland
-6.267,41.617,30,Grassland
-9.1,41.533,80,Permanent water bodies
-9.017,41.533,80,Permanent water bodies
-8.933,41.533,80,Permanent water bodies
-8.85,41.533,80,Permanent water bodies
-8.767,41.533,50,Built-up
-8.683,41.533,50,Built-up
-8.6,41.533,30,Grassland
-8.517,41.533,50,Built-up
-8.433,41.533,50,Built-up
-8.35,41.533,10,Tree cover
-8.267,41.533,40,Cropland
-8.183,41.533,30,Grassland
-8.1,41.533,10,Tree cover
-8.017,41.533,30,Grassland
-7.933,41.533,10,Tree cover
-7.85,41.533,10,Tree cover
-7.767,41.533,60,Bare / sparse vegetation
-7.683,41.533,30,Grassland
-7.6,41.533,10,Tree cover
-7.517,41.533,30,Grassland
-7.433,41.533,10,Tree cover
-7.35,41.533,10,Tree cover
-7.267,41.533,30,Grassland
-7.183,41.533,40,Cropland
-7.1,41.533,30,Grassland
-7.017,41.533,10,Tree cover
-6.933,41.533,30,Grassland
-6.85,41.533,20,Shrubland
-6.767,41.533,30,Grassland
-6.683,41.533,10,Tree cover
-6.6,41.533,30,Grassland
-6.517,41.533,20,Shrubland
-6.433,41.533,30,Grassland
-6.35,41.533,30,Grassland
-6.267,41.533,40,Cropland
-9.017,41.45,80,Permanent water bodies
-8.933,41.45,80,Permanent water bodies
-8.85,41.45,80,Permanent water bodies
-8.767,41.45,50,Built-up
-8.683,41.45,30,Grassland
-8.6,41.45,40,Cropland
-8.517,41.45,10,Tree cover
-8.433,41.45,10,Tree cover
-8.35,41.45,30,Grassland
-8.267,41.45,30,Grassland
-8.183,41.45,60,Bare / sparse vegetation
-8.1,41.45,30,Grassland
-8.017,41.45,10,Tree cover
-7.933,41.45,10,Tree cover
-7.85,41.45,30,Grassland
-7.767,41.45,30,Grassland
-7.683,41.45,30,Grassland
-7.6,41.45,30,Grassland
-7.517,41.45,30,Grassland
-7.433,41.45,30,Grassland
-7.35,41.45,20,Shrubland
-7.267,41.45,20,Shrubland
-7.183,41.45,10,Tree cover
-7.1,41.45,30,Grassland
-7.017,41.45,10,Tree cover
-6.933,41.45,30,Grassland
-6.85,41.45,10,Tree cover
-6.767,41.45,10,Tree cover
-6.683,41.45,20,Shrubland
-6.6,41.45,30,Grassland
-6.517,41.45,40,Cropland
-6.433,41.45,10,Tree cover
-6.35,41.45,30,Grassland
-6.267,41.45,10,Tree cover
-9.017,41.367,80,Permanent water bodies
-8.933,41.367,80,Permanent water bodies
-8.85,41.367,80,Permanent water bodies
-8.767,41.367,80,Permanent water bodies
-8.683,41.367,10,Tree cover
-8.6,41.367,40,Cropland
-8.517,41.367,10,Tree cover
-8.433,41.367,10,Tree cover
-8.35,41.367,30,Grassland
-8.267,41.367,50,Built-up
-8.183,41.367,10,Tree cover
-8.1,41.367,10,Tree cover
-8.017,41.367,30,Grassland
-7.933,41.367,30,Grassland
-7.85,41.367,10,Tree cover
-7.767,41.367,30,Grassland
-7.683,41.367,30,Grassland
-7.6,41.367,60,Bare / sparse vegetation
-7.517,41.367,30,Grassland
-7.433,41.367,30,Grassland
-7.35,41.367,30,Grassland
-7.267,41.367,30,Grassland
-7.183,41.367,20,Shrubland
-7.1,41.367,10,Tree cover
-7.017,41.367,20,Shrubland
-6.933,41.367,10,Tree cover
-6.85,41.367,20,Shrubland
-6.767,41.367,10,Tree cover
-6.683,41.367,30,Grassland
-6.6,41.367,30,Grassland
-6.517,41.367,30,Grassland
-6.433,41.367,30,Grassland
-6.35,41.367,10,Tree cover
-6.267,41.367,30,Grassland
-9.017,41.283,80,Permanent water bodies
-8.933,41.283,80,Permanent water bodies
-8.85,41.283,80,Permanent water bodies
-8.767,41.283,80,Permanent water bodies
-8.683,41.283,40,Cropland
-8.6,41.283,40,Cropland
-8.517,41.283,80,Permanent water bodies
-8.433,41.283,10,Tree cover
-8.35,41.283,10,Tree cover
-8.267,41.283,40,Cropland
-8.183,41.283,30,Grassland
-8.1,41.283,10,Tree cover
-8.017,41.283,40,Cropland
-7.933,41.283,30,Grassland
-7.85,41.283,10,Tree cover
-7.767,41.283,10,Tree cover
-7.683,41.283,60,Bare / sparse vegetation
-7.6,41.283,30,Grassland
-7.517,41.283,30,Grassland
-7.433,41.283,30,Grassland
-7.35,41.283,30,Grassland
-7.267,41.283,20,Shrubland
-7.183,41.283,30,Grassland
-7.1,41.283,20,Shrubland
-7.017,41.283,20,Shrubland
-6.933,41.283,20,Shrubland
-6.85,41.283,10,Tree cover
-6.767,41.283,20,Shrubland
-6.683,41.283,10,Tree cover
-6.6,41.283,30,Grassland
-6.517,41.283,30,Grassland
-6.433,41.283,20,Shrubland
-6.35,41.283,30,Grassland
-6.267,41.283,80,Permanent water bodies
-9.017,41.2,80,Permanent water bodies
-8.933,41.2,80,Permanent water bodies
-8.85,41.2,80,Permanent water bodies
-8.767,41.2,80,Permanent water bodies
-8.683,41.2,50,Built-up
-8.6,41.2,10,Tree cover
-8.517,41.2,10,Tree cover
-8.433,41.2,50,Built-up
-8.35,41.2,10,Tree cover
-8.267,41.2,10,Tree cover
-8.183,41.2,10,Tree cover
-8.1,41.2,10,Tree cover
-8.017,41.2,30,Grassland
-7.933,41.2,10,Tree cover
-7.85,41.2,30,Grassland
-7.767,41.2,30,Grassland
-7.683,41.2,20,Shrubland
-7.6,41.2,30,Grassland
-7.517,41.2,30,Grassland
-7.433,41.2,30,Grassland
-7.35,41.2,10,Tree cover
-7.267,41.2,30,Grassland
-7.183,41.2,30,Grassland
-7.1,41.2,40,Cropland
-7.017,41.2,30,Grassland
-6.933,41.2,30,Grassland
-6.85,41.2,30,Grassland
-6.767,41.2,30,Grassland
-6.683,41.2,10,Tree cover
-6.6,41.2,30,Grassland
-6.517,41.2,30,Grassland
-6.433,41.2,30,Grassland
-6.35,41.2,30,Grassland
-6.267,41.2,30,Grassland
-8.933,41.117,80,Permanent water bodies
-8.85,41.117,80,Permanent water bodies
-8.767,41.117,80,Permanent water bodies
-8.683,41.117,80,Permanent water bodies
-8.6,41.117,10,Tree cover
-8.517,41.117,50,Built-up
-8.433,41.117,30,Grassland
-8.35,41.117,30,Grassland
-8.267,41.117,10,Tree cover
-8.183,41.117,30,Grassland
-8.1,41.117,10,Tree cover
-8.017,41.117,10,Tree cover
-7.933,41.117,10,Tree cover
-7.85,41.117,30,Grassland
-7.767,41.117,30,Grassland
-7.683,41.117,30,Grassland
-7.6,41.117,30,Grassland
-7.517,41.117,20,Shrubland
-7.433,41.117,10,Tree cover
-7.35,41.117,30,Grassland
-7.267,41.117,20,Shrubland
-7.183,41.117,20,Shrubland
-7.1,41.117,30,Grassland
-7.017,41.117,30,Grassland
-6.933,41.117,20,Shrubland
-6.85,41.117,30,Grassland
-6.767,41.117,20,Shrubland
-6.683,41.117,30,Grassland
-6.6,41.117,20,Shrubland
-6.517,41.117,40,Cropland
-6.433,41.117,30,Grassland
-6.35,41.117,10,Tree cover
-6.267,41.117,30,Grassland
-8.933,41.033,80,Permanent water bodies
-8.85,41.033,80,Permanent water bodies
-8.767,41.033,80,Permanent water bodies
-8.683,41.033,80,Permanent water bodies
-8.6,41.033,10,Tree cover
-8.517,41.033,30,Grassland
-8.433,41.033,10,Tree cover
-8.35,41.033,10,Tree cover
-8.267,41.033,10,Tree cover
-8.183,41.033,30,Grassland
-8.1,41.033,30,Grassland
-8.017,41.033,30,Grassland
-7.933,41.033,30,Grassland
-7.85,41.033,30,Grassland
-7.767,41.033,30,Grassland
-7.683,41.033,30,Grassland
-7.6,41.033,30,Grassland
-7.517,41.033,30,Grassland
-7.433,41.033,30,Grassland
-7.35,41.033,60,Bare / sparse vegetation
-7.267,41.033,30,Grassland
-7.183,41.033,30,Grassland
-7.1,41.033,20,Shrubland
-7.017,41.033,30,Grassland
-6.933,41.033,30,Grassland
-6.85,41.033,20,Shrubland
-6.767,41.033,20,Shrubland
-6.683,41.033,30,Grassland
-6.6,41.033,30,Grassland
-6.517,41.033,30,Grassland
-6.433,41.033,30,Grassland
-6.35,41.033,30,Grassland
-6.267,41.033,30,Grassland
-8.933,40.95,80,Permanent water bodies
-8.85,40.95,80,Permanent water bodies
-8.767,40.95,80,Permanent water bodies
-8.683,40.95,80,Permanent water bodies
-8.6,40.95,30,Grassland
-8.517,40.95,10,Tree cover
-8.433,40.95,10,Tree cover
-8.35,40.95,10,Tree cover
-8.267,40.95,10,Tree cover
-8.183,40.95,10,Tree cover
-8.1,40.95,30,Grassland
-8.017,40.95,30,Grassland
-7.933,40.95,30,Grassland
-7.85,40.95,30,Grassland
-7.767,40.95,30,Grassland
-7.683,40.95,30,Grassland
-7.6,40.95,30,Grassland
-7.517,40.95,30,Grassland
-7.433,40.95,10,Tree cover
-7.35,40.95,30,Grassland
-7.267,40.95,40,Cropland
-7.183,40.95,30,Grassland
-7.1,40.95,20,Shrubland
-7.017,40.95,30,Grassland
-6.933,40.95,30,Grassland
-6.85,40.95,10,Tree cover
-6.767,40.95,30,Grassland
-6.683,40.95,40,Cropland
-6.6,40.95,30,Grassland
-6.517,40.95,30,Grassland
-6.433,40.95,30,Grassland
-6.35,40.95,30,Grassland
-6.267,40.95,30,Grassland
-8.933,40.867,80,Permanent water bodies
-8.85,40.867,80,Permanent water bodies
-8.767,40.867,80,Permanent water bodies
-8.683,40.867,80,Permanent water bodies
-8.6,40.867,40,Cropland
-8.517,40.867,10,Tree cover
-8.433,40.867,10,Tree cover
-8.35,40.867,10,Tree cover
-8.267,40.867,30,Grassland
-8.183,40.867,30,Grassland
-8.1,40.867,30,Grassland
-8.017,40.867,10,Tree cover
-7.933,40.867,30,Grassland
-7.85,40.867,30,Grassland
-7.767,40.867,30,Grassland
-7.683,40.867,30,Grassland
-7.6,40.867,30,Grassland
-7.517,40.867,30,Grassland
-7.433,40.867,30,Grassland
-7.35,40.867,30,Grassland
-7.267,40.867,30,Grassland
-7.183,40.867,20,Shrubland
-7.1,40.867,30,Grassland
-7.017,40.867,30,Grassland
-6.933,40.867,30,Grassland
-6.85,40.867,30,Grassland
-6.767,40.867,60,Bare / sparse vegetation
-6.683,40.867,40,Cropland
-6.6,40.867,30,Grassland
-6.517,40.867,10,Tree cover
-6.433,40.867,30,Grassland
-6.35,40.867,30,Grassland
-6.267,40.867,30,Grassland
-9.017,40.783,80,Permanent water bodies
-8.933,40.783,80,Permanent water bodies
-8.85,40.783,80,Permanent water bodies
-8.767,40.783,80,Permanent water bodies
-8.683,40.783,80,Permanent water bodies
-8.6,40.783,10,Tree cover
-8.517,40.783,10,Tree cover
-8.433,40.783,10,Tree cover
-8.35,40.783,10,Tree cover
-8.267,40.783,10,Tree cover
-8.183,40.783,10,Tree cover
-8.1,40.783,30,Grassland
-8.017,40.783,30,Grassland
-7.933,40.783,10,Tree cover
-7.85,40.783,10,Tree cover
-7.767,40.783,30,Grassland
-7.683,40.783,10,Tree cover
-7.6,40.783,30,Grassland
-7.517,40.783,30,Grassland
-7.433,40.783,30,Grassland
-7.35,40.783,50,Built-up
-7.267,40.783,30,Grassland
-7.183,40.783,30,Grassland
-7.1,40.783,40,Cropland
-7.017,40.783,30,Grassland
-6.933,40.783,10,Tree cover
-6.85,40.783,30,Grassland
-6.767,40.783,30,Grassland
-6.683,40.783,20,Shrubland
-6.6,40.783,20,Shrubland
-6.517,40.783,30,Grassland
-6.433,40.783,30,Grassland
-6.35,40.783,30,Grassland
-6.267,40.783,30,Grassland
-9.017,40.7,80,Permanent water bodies
-8.933,40.7,80,Permanent water bodies
-8.85,40.7,80,Permanent water bodies
-8.767,40.7,80,Permanent water bodies
-8.683,40.7,80,Permanent water bodies
-8.6,40.7,30,Grassland
-8.517,40.7,10,Tree cover
-8.433,40.7,10,Tree cover
-8.35,40.7,10,Tree cover
-8.267,40.7,30,Grassland
-8.183,40.7,10,Tree cover
-8.1,40.7,10,Tree cover
-8.017,40.7,10,Tree cover
-7.933,40.7,10,Tree cover
-7.85,40.7,10,Tree cover
-7.767,40.7,10,Tree cover
-7.683,40.7,10,Tree cover
-7.6,40.7,30,Grassland
-7.517,40.7,30,Grassland
-7.433,40.7,30,Grassland
-7.35,40.7,30,Grassland
-7.267,40.7,30,Grassland
-7.183,40.7,30,Grassland
-7.1,40.7,60,Bare / sparse vegetation
-7.017,40.7,30,Grassland
-6.933,40.7,30,Grassland
-6.85,40.7,30,Grassland
-6.767,40.7,10,Tree cover
-6.683,40.7,40,Cropland
-6.6,40.7,30,Grassland
-6.517,40.7,30,Grassland
-6.433,40.7,30,Grassland
-6.35,40.7,30,Grassland
-6.267,40.7,10,Tree cover
-9.017,40.617,80,Permanent water bodies
-8.933,40.617,80,Permanent water bodies
-8.85,40.617,80,Permanent water bodies
-8.767,40.617,80,Permanent water bodies
-8.683,40.617,30,Grassland
-8.6,40.617,40,Cropland
-8.517,40.617,10,Tree cover
-8.433,40.617,50,Built-up
-8.35,40.617,10,Tree cover
-8.267,40.617,10,Tree cover
-8.183,40.617,30,Grassland
-8.1,40.617,30,Grassland
-8.017,40.617,30,Grassland
-7.933,40.617,10,Tree cover
-7.85,40.617,30,Grassland
-7.767,40.617,10,Tree cover
-7.683,40.617,30,Grassland
-7.6,40.617,30,Grassland
-7.517,40.617,10,Tree cover
-7.433,40.617,10,Tree cover
-7.35,40.617,50,Built-up
-7.267,40.617,30,Grassland
-7.183,40.617,10,Tree cover
-7.1,40.617,30,Grassland
-7.017,40.617,30,Grassland
-6.933,40.617,30,Grassland
-6.85,40.617,60,Bare / sparse vegetation
-6.767,40.617,30,Grassland
-6.683,40.617,30,Grassland
-6.6,40.617,30,Grassland
-6.517,40.617,40,Cropland
-6.433,40.617,40,Cropland
-6.35,40.617,30,Grassland
-6.267,40.617,30,Grassland
-9.017,40.533,80,Permanent water bodies
-8.933,40.533,80,Permanent water bodies
-8.85,40.533,80,Permanent water bodies
-8.767,40.533,80,Permanent water bodies
-8.683,40.533,30,Grassland
-8.6,40.533,30,Grassland
-8.517,40.533,10,Tree cover
-8.433,40.533,10,Tree cover
-8.35,40.533,10,Tree cover
-8.267,40.533,10,Tree cover
-8.183,40.533,10,Tree cover
-8.1,40.533,10,Tree cover
-8.017,40.533,30,Grassland
-7.933,40.533,10,Tree cover
-7.85,40.533,50,Built-up
-7.767,40.533,30,Grassland
-7.683,40.533,30,Grassland
-7.6,40.533,30,Grassland
-7.517,40.533,30,Grassland
-7.433,40.533,30,Grassland
-7.35,40.533,30,Grassland
-7.267,40.533,50,Built-up
-7.183,40.533,10,Tree cover
-7.1,40.533,10,Tree cover
-7.017,40.533,30,Grassland
-6.933,40.533,30,Grassland
-6.85,40.533,30,Grassland
-6.767,40.533,30,Grassland
-6.683,40.533,30,Grassland
-6.6,40.533,30,Grassland
-6.517,40.533,20,Shrubland
-6.433,40.533,30,Grassland
-6.35,40.533,60,Bare / sparse vegetation
-6.267,40.533,10,Tree cover
-9.1,40.45,80,Permanent water bodies
-9.017,40.45,80,Permanent water bodies
-8.933,40.45,80,Permanent water bodies
-8.85,40.45,80,Permanent water bodies
-8.767,40.45,60,Bare / sparse vegetation
-8.683,40.45,20,Shrubland
-8.6,40.45,30,Grassland
-8.517,40.45,30,Grassland
-8.433,40.45,10,Tree cover
-8.35,40.45,10,Tree cover
-8.267,40.45,10,Tree cover
-8.183,40.45,10,Tree cover
-8.1,40.45,30,Grassland
-8.017,40.45,30,Grassland
-7.933,40.45,30,Grassland
-7.85,40.45,30,Grassland
-7.767,40.45,30,Grassland
-7.683,40.45,30,Grassland
-7.6,40.45,30,Grassland
-7.517,40.45,30,Grassland
-7.433,40.45,10,Tree cover
-7.35,40.45,30,Grassland
-7.267,40.45,20,Shrubland
-7.183,40.45,30,Grassland
-7.1,40.45,30,Grassland
-7.017,40.45,30,Grassland
-6.933,40.45,30,Grassland
-6.85,40.45,30,Grassland
-6.767,40.45,30,Grassland
-6.683,40.45,30,Grassland
-6.6,40.45,30,Grassland
-6.517,40.45,30,Grassland
-6.433,40.45,30,Grassland
-6.35,40.45,10,Tree cover
-6.267,40.45,10,Tree cover
-9.1,40.367,80,Permanent water bodies
-9.017,40.367,80,Permanent water bodies
-8.933,40.367,80,Permanent water bodies
-8.85,40.367,80,Permanent water bodies
-8.767,40.367,50,Built-up
-8.683,40.367,30,Grassland
-8.6,40.367,10,Tree cover
-8.517,40.367,10,Tree cover
-8.433,40.367,10,Tree cover
-8.35,40.367,10,Tree cover
-8.267,40.367,10,Tree cover
-8.183,40.367,10,Tree cover
-8.1,40.367,10,Tree cover
-8.017,40.367,10,Tree cover
-7.933,40.367,30,Grassland
-7.85,40.367,30,Grassland
-7.767,40.367,10,Tree cover
-7.683,40.367,30,Grassland
-7.6,40.367,30,Grassland
-7.517,40.367,30,Grassland
-7.433,40.367,10,Tree cover
-7.35,40.367,10,Tree cover
-7.267,40.367,30,Grassland
-7.183,40.367,30,Grassland
-7.1,40.367,30,Grassland
-7.017,40.367,30,Grassland
-6.933,40.367,30,Grassland
-6.85,40.367,10,Tree cover
-6.767,40.367,30,Grassland
-6.683,40.367,10,Tree cover
-6.6,40.367,20,Shrubland
-6.517,40.367,10,Tree cover
-6.433,40.367,10,Tree cover
-6.35,40.367,10,Tree cover
-6.267,40.367,10,Tree cover
-9.183,40.283,80,Permanent water bodies
-9.1,40.283,80,Permanent water bodies
-9.017,40.283,80,Permanent water bodies
-8.933,40.283,80,Permanent water bodies
-8.85,40.283,10,Tree cover
-8.767,40.283,10,Tree cover
-8.683,40.283,10,Tree cover
-8.6,40.283,10,Tree cover
-8.517,40.283,20,Shrubland
-8.433,40.283,10,Tree cover
-8.35,40.283,10,Tree cover
-8.267,40.283,10,Tree cover
-8.183,40.283,10,Tree cover
-8.1,40.283,30,Grassland
-8.017,40.283,60,Bare / sparse vegetation
-7.933,40.283,30,Grassland
-7.85,40.283,10,Tree cover
-7.767,40.283,10,Tree cover
-7.683,40.283,10,Tree cover
-7.6,40.283,30,Grassland
-7.517,40.283,30,Grassland
-7.433,40.283,30,Grassland
-7.35,40.283,30,Grassland
-7.267,40.283,30,Grassland
-7.183,40.283,10,Tree cover
-7.1,40.283,10,Tree cover
-7.017,40.283,10,Tree cover
-6.933,40.283,10,Tree cover
-6.85,40.283,10,Tree cover
-6.767,40.283,10,Tree cover
-6.683,40.283,10,Tree cover
-6.6,40.283,10,Tree cover
-6.517,40.283,10,Tree cover
-6.433,40.283,10,Tree cover
-6.35,40.283,10,Tree cover
-6.267,40.283,20,Shrubland
-9.183,40.2,80,Permanent water bodies
-9.1,40.2,80,Permanent water bodies
-9.017,40.2,80,Permanent water bodies
-8.933,40.2,80,Permanent water bodies
-8.85,40.2,10,Tree cover
-8.767,40.2,10,Tree cover
-8.683,40.2,10,Tree cover
-8.6,40.2,40,Cropland
-8.517,40.2,40,Cropland
-8.433,40.2,30,Grassland
-8.35,40.2,10,Tree cover
-8.267,40.2,10,Tree cover
-8.183,40.2,10,Tree cover
-8.1,40.2,10,Tree cover
-8.017,40.2,30,Grassland
-7.933,40.2,10,Tree cover
-7.85,40.2,10,Tree cover
-7.767,40.2,10,Tree cover
-7.683,40.2,10,Tree cover
-7.6,40.2,10,Tree cover
-7.517,40.2,10,Tree cover
-7.433,40.2,30,Grassland
-7.35,40.2,40,Cropland
-7.267,40.2,10,Tree cover
-7.183,40.2,10,Tree cover
-7.1,40.2,10,Tree cover
-7.017,40.2,10,Tree cover
-6.933,40.2,10,Tree cover
-6.85,40.2,30,Grassland
-6.767,40.2,20,Shrubland
-6.683,40.2,10,Tree cover
-6.6,40.2,30,Grassland
-6.517,40.2,10,Tree cover
-6.433,40.2,10,Tree cover
-6.35,40.2,10,Tree cover
-6.267,40.2,10,Tree cover
-9.183,40.117,80,Permanent water bodies
-9.1,40.117,80,Permanent water bodies
-9.017,40.117,80,Permanent water bodies
-8.933,40.117,80,Permanent water bodies
-8.85,40.117,50,Built-up
-8.767,40.117,40,Cropland
-8.683,40.117,10,Tree cover
-8.6,40.117,10,Tree cover
-8.517,40.117,10,Tree cover
-8.433,40.117,10,Tree cover
-8.35,40.117,10,Tree cover
-8.267,40.117,30,Grassland
-8.183,40.117,10,Tree cover
-8.1,40.117,10,Tree cover
-8.017,40.117,20,Shrubland
-7.933,40.117,30,Grassland
-7.85,40.117,10,Tree cover
-7.767,40.117,10,Tree cover
-7.683,40.117,10,Tree cover
-7.6,40.117,10,Tree cover
-7.517,40.117,30,Grassland
-7.433,40.117,10,Tree cover
-7.35,40.117,30,Grassland
-7.267,40.117,30,Grassland
-7.183,40.117,10,Tree cover
-7.1,40.117,30,Grassland
-7.017,40.117,10,Tree cover
-6.933,40.117,30,Grassland
-6.85,40.117,10,Tree cover
-6.767,40.117,30,Grassland
-6.683,40.117,20,Shrubland
-6.6,40.117,30,Grassland
-6.517,40.117,30,Grassland
-6.433,40.117,40,Cropland
-6.35,40.117,10,Tree cover
-6.267,40.117,10,Tree cover
-9.183,40.033,80,Permanent water bodies
-9.1,40.033,80,Permanent water bodies
-9.017,40.033,80,Permanent water bodies
-8.933,40.033,80,Permanent water bodies
-8.85,40.033,10,Tree cover
-8.767,40.033,10,Tree cover
-8.683,40.033,10,Tree cover
-8.6,40.033,10,Tree cover
-8.517,40.033,20,Shrubland
-8.433,40.033,10,Tree cover
-8.35,40.033,10,Tree cover
-8.267,40.033,10,Tree cover
-8.183,40.033,10,Tree cover
-8.1,40.033,30,Grassland
-8.017,40.033,10,Tree cover
-7.933,40.033,10,Tree cover
-7.85,40.033,10,Tree cover
-7.767,40.033,10,Tree cover
-7.683,40.033,10,Tree cover
-7.6,40.033,10,Tree cover
-7.517,40.033,10,Tree cover
-7.433,40.033,30,Grassland
-7.35,40.033,30,Grassland
-7.267,40.033,10,Tree cover
-7.183,40.033,30,Grassland
-7.1,40.033,30,Grassland
-7.017,40.033,20,Shrubland
-6.933,40.033,10,Tree cover
-6.85,40.033,10,Tree cover
-6.767,40.033,30,Grassland
-6.683,40.033,50,Built-up
-6.6,40.033,30,Grassland
-6.517,40.033,30,Grassland
-6.433,40.033,30,Grassland
-6.35,40.033,30,Grassland
-6.267,40.033,30,Grassland
-9.267,39.95,80,Permanent water bodies
-9.183,39.95,80,Permanent water bodies
-9.1,39.95,80,Permanent water bodies
-9.017,39.95,80,Permanent water bodies
-8.933,39.95,10,Tree cover
-8.85,39.95,30,Grassland
-8.767,39.95,10,Tree cover
-8.683,39.95,20,Shrubland
-8.6,39.95,10,Tree cover
-8.517,39.95,10,Tree cover
-8.433,39.95,10,Tree cover
-8.35,39.95,10,Tree cover
-8.267,39.95,10,Tree cover
-8.183,39.95,10,Tree cover
-8.1,39.95,30,Grassland
-8.017,39.95,10,Tree cover
-7.933,39.95,10,Tree cover
-7.85,39.95,10,Tree cover
-7.767,39.95,20,Shrubland
-7.683,39.95,10,Tree cover
-7.6,39.95,10,Tree cover
-7.517,39.95,30,Grassland
-7.433,39.95,30,Grassland
-7.35,39.95,30,Grassland
-7.267,39.95,20,Shrubland
-7.183,39.95,30,Grassland
-7.1,39.95,30,Grassland
-7.017,39.95,20,Shrubland
-6.933,39.95,40,Cropland
-6.85,39.95,30,Grassland
-6.767,39.95,10,Tree cover
-6.683,39.95,30,Grassland
-6.6,39.95,30,Grassland
-6.517,39.95,30,Grassland
-6.433,39.95,10,Tree cover
-6.35,39.95,10,Tree cover
-6.267,39.95,30,Grassland
-9.267,39.867,80,Permanent water bodies
-9.183,39.867,80,Permanent water bodies
-9.1,39.867,80,Permanent water bodies
-9.017,39.867,80,Permanent water bodies
-8.933,39.867,30,Grassland
-8.85,39.867,30,Grassland
-8.767,39.867,10,Tree cover
-8.683,39.867,10,Tree cover
-8.6,39.867,20,Shrubland
-8.517,39.867,10,Tree cover
-8.433,39.867,10,Tree cover
-8.35,39.867,10,Tree cover
-8.267,39.867,10,Tree cover
-8.183,39.867,10,Tree cover
-8.1,39.867,30,Grassland
-8.017,39.867,10,Tree cover
-7.933,39.867,20,Shrubland
-7.85,39.867,60,Bare / sparse vegetation
-7.767,39.867,10,Tree cover
-7.683,39.867,10,Tree cover
-7.6,39.867,20,Shrubland
-7.517,39.867,30,Grassland
-7.433,39.867,30,Grassland
-7.35,39.867,30,Grassland
-7.267,39.867,30,Grassland
-7.183,39.867,30,Grassland
-7.1,39.867,30,Grassland
-7.017,39.867,30,Grassland
-6.933,39.867,30,Grassland
-6.85,39.867,30,Grassland
-6.767,39.867,30,Grassland
-6.683,39.867,30,Grassland
-6.6,39.867,10,Tree cover
-6.517,39.867,30,Grassland
-6.433,39.867,30,Grassland
-6.35,39.867,10,Tree cover
-6.267,39.867,10,Tree cover
-9.35,39.783,80,Permanent water bodies
-9.267,39.783,80,Permanent water bodies
-9.183,39.783,80,Permanent water bodies
-9.1,39.783,80,Permanent water bodies
-9.017,39.783,60,Bare / sparse vegetation
-8.933,39.783,30,Grassland
-8.85,39.783,60,Bare / sparse vegetation
-8.767,39.783,10,Tree cover
-8.683,39.783,10,Tree cover
-8.6,39.783,10,Tree cover
-8.517,39.783,10,Tree cover
-8.433,39.783,10,Tree cover
-8.35,39.783,10,Tree cover
-8.267,39.783,10,Tree cover
-8.183,39.783,10,Tree cover
-8.1,39.783,10,Tree cover
-8.017,39.783,10,Tree cover
-7.933,39.783,10,Tree cover
-7.85,39.783,10,Tree cover
-7.767,39.783,10,Tree cover
-7.683,39.783,10,Tree cover
-7.6,39.783,10,Tree cover
-7.517,39.783,20,Shrubland
-7.433,39.783,30,Grassland
-7.35,39.783,30,Grassland
-7.267,39.783,30,Grassland
-7.183,39.783,30,Grassland
-7.1,39.783,30,Grassland
-7.017,39.783,10,Tree cover
-6.933,39.783,30,Grassland
-6.85,39.783,80,Permanent water bodies
-6.767,39.783,30,Grassland
-6.683,39.783,30,Grassland
-6.6,39.783,30,Grassland
-6.517,39.783,30,Grassland
-6.433,39.783,20,Shrubland
-6.35,39.783,30,Grassland
-6.267,39.783,30,Grassland
-9.35,39.7,80,Permanent water bodies
-9.267,39.7,80,Permanent water bodies
-9.183,39.7,80,Permanent water bodies
-9.1,39.7,80,Permanent water bodies
-9.017,39.7,30,Grassland
-8.933,39.7,30,Grassland
-8.85,39.7,10,Tree cover
-8.767,39.7,10,Tree cover
-8.683,39.7,10,Tree cover
-8.6,39.7,30,Grassland
-8.517,39.7,30,Grassland
-8.433,39.7,30,Grassland
-8.35,39.7,10,Tree cover
-8.267,39.7,10,Tree cover
-8.183,39.7,20,Shrubland
-8.1,39.7,10,Tree cover
-8.017,39.7,10,Tree cover
-7.933,39.7,20,Shrubland
-7.85,39.7,10,Tree cover
-7.767,39.7,10,Tree cover
-7.683,39.7,10,Tree cover
-7.6,39.7,30,Grassland
-7.517,39.7,20,Shrubland
-7.433,39.7,20,Shrubland
-7.35,39.7,30,Grassland
-7.267,39.7,30,Grassland
-7.183,39.7,30,Grassland
-7.1,39.7,30,Grassland
-7.017,39.7,20,Shrubland
-6.933,39.7,30,Grassland
-6.85,39.7,30,Grassland
-6.767,39.7,30,Grassland
-6.683,39.7,30,Grassland
-6.6,39.7,30,Grassland
-6.517,39.7,30,Grassland
-6.433,39.7,30,Grassland
-6.35,39.7,30,Grassland
-6.267,39.7,30,Grassland
-9.517,39.617,80,Permanent water bodies
-9.433,39.617,80,Permanent water bodies
-9.35,39.617,80,Permanent water bodies
-9.267,39.617,80,Permanent water bodies
-9.183,39.617,80,Permanent water bodies
-9.1,39.617,80,Permanent water bodies
-9.017,39.617,10,Tree cover
-8.933,39.617,10,Tree cover
-8.85,39.617,50,Built-up
-8.767,39.617,20,Shrubland
-8.683,39.617,30,Grassland
-8.6,39.617,30,Grassland
-8.517,39.617,20,Shrubland
-8.433,39.617,30,Grassland
-8.35,39.617,10,Tree cover
-8.267,39.617,10,Tree cover
-8.183,39.617,10,Tree cover
-8.1,39.617,20,Shrubland
-8.017,39.617,10,Tree cover
-7.933,39.617,10,Tree cover
-7.85,39.617,10,Tree cover
-7.767,39.617,10,Tree cover
-7.683,39.617,10,Tree cover
-7.6,39.617,30,Grassland
-7.517,39.617,10,Tree cover
-7.433,39.617,30,Grassland
-7.35,39.617,30,Grassland
-7.267,39.617,30,Grassland
-7.183,39.617,30,Grassland
-7.1,39.617,30,Grassland
-7.017,39.617,30,Grassland
-6.933,39.617,30,Grassland
-6.85,39.617,40,Cropland
-6.767,39.617,30,Grassland
-6.683,39.617,30,Grassland
-6.6,39.617,30,Grassland
-6.517,39.617,30,Grassland
-6.433,39.617,30,Grassland
-6.35,39.617,30,Grassland
-6.267,39.617,30,Grassland
-9.6,39.533,80,Permanent water bodies
-9.517,39.533,80,Permanent water bodies
-9.433,39.533,80,Permanent water bodies
-9.35,39.533,80,Permanent water bodies
-9.267,39.533,80,Permanent water bodies
-9.183,39.533,80,Permanent water bodies
-9.1,39.533,10,Tree cover
-9.017,39.533,10,Tree cover
-8.933,39.533,30,Grassland
-8.85,39.533,10,Tree cover
-8.767,39.533,30,Grassland
-8.683,39.533,20,Shrubland
-8.6,39.533,10,Tree cover
-8.517,39.533,30,Grassland
-8.433,39.533,50,Built-up
-8.35,39.533,10,Tree cover
-8.267,39.533,10,Tree cover
-8.183,39.533,10,Tree cover
-8.1,39.533,30,Grassland
-8.017,39.533,10,Tree cover
-7.933,39.533,60,Bare / sparse vegetation
-7.85,39.533,30,Grassland
-7.767,39.533,30,Grassland
-7.683,39.533,30,Grassland
-7.6,39.533,10,Tree cover
-7.517,39.533,30,Grassland
-7.433,39.533,30,Grassland
-7.35,39.533,30,Grassland
-7.267,39.533,30,Grassland
-7.183,39.533,30,Grassland
-7.1,39.533,30,Grassland
-7.017,39.533,30,Grassland
-6.933,39.533,30,Grassland
-6.85,39.533,30,Grassland
-6.767,39.533,40,Cropland
-6.683,39.533,30,Grassland
-6.6,39.533,60,Bare / sparse vegetation
-6.517,39.533,30,Grassland
-6.433,39.533,30,Grassland
-6.35,39.533,30,Grassland
-6.267,39.533,30,Grassland
-9.6,39.45,80,Permanent water bodies
-9.517,39.45,80,Permanent water bodies
-9.433,39.45,80,Permanent water bodies
-9.35,39.45,80,Permanent water bodies
-9.267,39.45,80,Permanent water bodies
-9.183,39.45,10,Tree cover
-9.1,39.45,30,Grassland
-9.017,39.45,30,Grassland
-8.933,39.45,30,Grassland
-8.85,39.45,30,Grassland
-8.767,39.45,10,Tree cover
-8.683,39.45,30,Grassland
-8.6,39.45,30,Grassland
-8.517,39.45,60,Bare / sparse vegetation
-8.433,39.45,40,Cropland
-8.35,39.45,10,Tree cover
-8.267,39.45,30,Grassland
-8.183,39.45,50,Built-up
-8.1,39.45,40,Cropland
-8.017,39.45,10,Tree cover
-7.933,39.45,10,Tree cover
-7.85,39.45,10,Tree cover
-7.767,39.45,30,Grassland
-7.683,39.45,30,Grassland
-7.6,39.45,30,Grassland
-7.517,39.45,30,Grassland
-7.433,39.45,30,Grassland
-7.35,39.45,30,Grassland
-7.267,39.45,30,Grassland
-7.183,39.45,30,Grassland
-7.1,39.45,10,Tree cover
-7.017,39.45,20,Shrubland
-6.933,39.45,30,Grassland
-6.85,39.45,20,Shrubland
-6.767,39.45,30,Grassland
-6.683,39.45,30,Grassland
-6.6,39.45,30,Grassland
-6.517,39.45,30,Grassland
-6.433,39.45,30,Grassland
-6.35,39.45,10,Tree cover
-6.267,39.45,30,Grassland
-9.6,39.367,80,Permanent water bodies
-9.517,39.367,80,Permanent water bodies
-9.433,39.367,80,Permanent water bodies
-9.35,39.367,80,Permanent water bodies
-9.267,39.367,10,Tree cover
-9.183,39.367,10,Tree cover
-9.1,39.367,10,Tree cover
-9.017,39.367,10,Tree cover
-8.933,39.367,10,Tree cover
-8.85,39.367,10,Tree cover
-8.767,39.367,50,Built-up
-8.683,39.367,30,Grassland
-8.6,39.367,40,Cropland
-8.517,39.367,40,Cropland
-8.433,39.367,10,Tree cover
-8.35,39.367,20,Shrubland
-8.267,39.367,30,Grassland
-8.183,39.367,10,Tree cover
-8.1,39.367,10,Tree cover
-8.017,39.367,10,Tree cover
-7.933,39.367,20,Shrubland
-7.85,39.367,30,Grassland
-7.767,39.367,30,Grassland
-7.683,39.367,30,Grassland
-7.6,39.367,30,Grassland
-7.517,39.367,30,Grassland
-7.433,39.367,30,Grassland
-7.35,39.367,10,Tree cover
-7.267,39.367,10,Tree cover
-7.183,39.367,30,Grassland
-7.1,39.367,30,Grassland
-7.017,39.367,30,Grassland
-6.933,39.367,20,Shrubland
-6.85,39.367,20,Shrubland
-6.767,39.367,30,Grassland
-6.683,39.367,20,Shrubland
-6.6,39.367,10,Tree cover
-6.517,39.367,30,Grassland
-6.433,39.367,40,Cropland
-6.35,39.367,30,Grassland
-6.267,39.367,30,Grassland
-9.6,39.283,80,Permanent water bodies
-9.517,39.283,80,Permanent water bodies
-9.433,39.283,80,Permanent water bodies
-9.35,39.283,80,Permanent water bodies
-9.267,39.283,10,Tree cover
-9.183,39.283,30,Grassland
-9.1,39.283,30,Grassland
-9.017,39.283,30,Grassland
-8.933,39.283,10,Tree cover
-8.85,39.283,10,Tree cover
-8.767,39.283,40,Cropland
-8.683,39.283,30,Grassland
-8.6,39.283,40,Cropland
-8.517,39.283,30,Grassland
-8.433,39.283,30,Grassland
-8.35,39.283,10,Tree cover
-8.267,39.283,10,Tree cover
-8.183,39.283,10,Tree cover
-8.1,39.283,30,Grassland
-8.017,39.283,60,Bare / sparse vegetation
-7.933,39.283,30,Grassland
-7.85,39.283,30,Grassland
-7.767,39.283,30,Grassland
-7.683,39.283,30,Grassland
-7.6,39.283,30,Grassland
-7.517,39.283,30,Grassland
-7.433,39.283,30,Grassland
-7.35,39.283,10,Tree cover
-7.267,39.283,50,Built-up
-7.183,39.283,10,Tree cover
-7.1,39.283,40,Cropland
-7.017,39.283,30,Grassland
-6.933,39.283,30,Grassland
-6.85,39.283,30,Grassland
-6.767,39.283,10,Tree cover
-6.683,39.283,20,Shrubland
-6.6,39.283,30,Grassland
-6.517,39.283,10,Tree cover
-6.433,39.283,30,Grassland
-6.35,39.283,30,Grassland
-6.267,39.283,10,Tree cover
-9.6,39.2,80,Permanent water bodies
-9.517,39.2,80,Permanent water bodies
-9.433,39.2,80,Permanent water bodies
-9.35,39.2,80,Permanent water bodies
-9.267,39.2,40,Cropland
-9.183,39.2,10,Tree cover
-9.1,39.2,30,Grassland
-9.017,39.2,10,Tree cover
-8.933,39.2,30,Grassland
-8.85,39.2,20,Shrubland
-8.767,39.2,30,Grassland
-8.683,39.2,30,Grassland
-8.6,39.2,40,Cropland
-8.517,39.2,30,Grassland
-8.433,39.2,10,Tree cover
-8.35,39.2,30,Grassland
-8.267,39.2,10,Tree cover
-8.183,39.2,30,Grassland
-8.1,39.2,30,Grassland
-8.017,39.2,30,Grassland
-7.933,39.2,30,Grassland
-7.85,39.2,30,Grassland
-7.767,39.2,30,Grassland
-7.683,39.2,30,Grassland
-7.6,39.2,30,Grassland
-7.517,39.2,30,Grassland
-7.433,39.2,10,Tree cover
-7.35,39.2,30,Grassland
-7.267,39.2,10,Tree cover
-7.183,39.2,20,Shrubland
-7.1,39.2,30,Grassland
-7.017,39.2,30,Grassland
-6.933,39.2,30,Grassland
-6.85,39.2,10,Tree cover
-6.767,39.2,30,Grassland
-6.683,39.2,30,Grassland
-6.6,39.2,30,Grassland
-6.517,39.2,30,Grassland
-6.433,39.2,30,Grassland
-6.35,39.2,30,Grassland
-6.267,39.2,60,Bare / sparse vegetation
-9.6,39.117,80,Permanent water bodies
-9.517,39.117,80,Permanent water bodies
-9.433,39.117,80,Permanent water bodies
-9.35,39.117,10,Tree cover
-9.267,39.117,10,Tree cover
-9.183,39.117,30,Grassland
-9.1,39.117,30,Grassland
-9.017,39.117,30,Grassland
-8.933,39.117,10,Tree cover
-8.85,39.117,10,Tree cover
-8.767,39.117,30,Grassland
-8.683,39.117,30,Grassland
-8.6,39.117,10,Tree cover
-8.517,39.117,10,Tree cover
-8.433,39.117,30,Grassland
-8.35,39.117,30,Grassland
-8.267,39.117,30,Grassland
-8.183,39.117,30,Grassland
-8.1,39.117,30,Grassland
-8.017,39.117,30,Grassland
-7.933,39.117,30,Grassland
-7.85,39.117,80,Permanent water bodies
-7.767,39.117,30,Grassland
-7.683,39.117,40,Cropland
-7.6,39.117,10,Tree cover
-7.517,39.117,30,Grassland
-7.433,39.117,30,Grassland
-7.35,39.117,30,Grassland
-7.267,39.117,30,Grassland
-7.183,39.117,30,Grassland
-7.1,39.117,30,Grassland
-7.017,39.117,40,Cropland
-6.933,39.117,40,Cropland
-6.85,39.117,30,Grassland
-6.767,39.117,30,Grassland
-6.683,39.117,30,Grassland
-6.6,39.117,30,Grassland
-6.517,39.117,10,Tree cover
-6.433,39.117,30,Grassland
-6.35,39.117,30,Grassland
-6.267,39.117,10,Tree cover
-9.6,39.033,80,Permanent water bodies
-9.517,39.033,80,Permanent water bodies
-9.433,39.033,80,Permanent water bodies
-9.35,39.033,30,Grassland
-9.267,39.033,40,Cropland
-9.183,39.033,30,Grassland
-9.1,39.033,30,Grassland
-9.017,39.033,20,Shrubland
-8.933,39.033,10,Tree cover
-8.85,39.033,40,Cropland
-8.767,39.033,10,Tree cover
-8.683,39.033,30,Grassland
-8.6,39.033,10,Tree cover
-8.517,39.033,10,Tree cover
-8.433,39.033,30,Grassland
-8.35,39.033,30,Grassland
-8.267,39.033,10,Tree cover
-8.183,39.033,30,Grassland
-8.1,39.033,30,Grassland
-8.017,39.033,30,Grassland
-7.933,39.033,40,Cropland
-7.85,39.033,30,Grassland
-7.767,39.033,30,Grassland
-7.683,39.033,10,Tree cover
-7.6,39.033,30,Grassland
-7.517,39.033,30,Grassland
-7.433,39.033,40,Cropland
-7.35,39.033,30,Grassland
-7.267,39.033,30,Grassland
-7.183,39.033,30,Grassland
-7.1,39.033,40,Cropland
-7.017,39.033,30,Grassland
-6.933,39.033,30,Grassland
-6.85,39.033,30,Grassland
-6.767,39.033,40,Cropland
-6.683,39.033,40,Cropland
-6.6,39.033,30,Grassland
-6.517,39.033,30,Grassland
-6.433,39.033,30,Grassland
-6.35,39.033,40,Cropland
-6.267,39.033,30,Grassland
-9.6,38.95,80,Permanent water bodies
-9.517,38.95,80,Permanent water bodies
-9.433,38.95,80,Permanent water bodies
-9.35,38.95,10,Tree cover
-9.267,38.95,10,Tree cover
-9.183,38.95,30,Grassland
-9.1,38.95,10,Tree cover
-9.017,38.95,30,Grassland
-8.933,38.95,40,Cropland
-8.85,38.95,40,Cropland
-8.767,38.95,10,Tree cover
-8.683,38.95,40,Cropland
-8.6,38.95,10,Tree cover
-8.517,38.95,40,Cropland
-8.433,38.95,30,Grassland
-8.35,38.95,30,Grassland
-8.267,38.95,30,Grassland
-8.183,38.95,40,Cropland
-8.1,38.95,30,Grassland
-8.017,38.95,40,Cropland
-7.933,38.95,30,Grassland
-7.85,38.95,30,Grassland
-7.767,38.95,30,Grassland
-7.683,38.95,60,Bare / sparse vegetation
-7.6,38.95,30,Grassland
-7.517,38.95,30,Grassland
-7.433,38.95,30,Grassland
-7.35,38.95,30,Grassland
-7.267,38.95,30,Grassland
-7.183,38.95,30,Grassland
-7.1,38.95,30,Grassland
-7.017,38.95,40,Cropland
-6.933,38.95,40,Cropland
-6.85,38.95,30,Grassland
-6.767,38.95,40,Cropland
-6.683,38.95,60,Bare / sparse vegetation
-6.6,38.95,20,Shrubland
-6.517,38.95,10,Tree cover
-6.433,38.95,30,Grassland
-6.35,38.95,60,Bare / sparse vegetation
-6.267,38.95,30,Grassland
-9.6,38.867,80,Permanent water bodies
-9.517,38.867,80,Permanent water bodies
-9.433,38.867,30,Grassland
-9.35,38.867,30,Grassland
-9.267,38.867,10,Tree cover
-9.183,38.867,60,Bare / sparse vegetation
-9.1,38.867,40,Cropland
-9.017,38.867,90,Herbaceous wetland
-8.933,38.867,80,Permanent water bodies
-8.85,38.867,30,Grassland
-8.767,38.867,30,Grassland
-8.683,38.867,10,Tree cover
-8.6,38.867,30,Grassland
-8.517,38.867,30,Grassland
-8.433,38.867,30,Grassland
-8.35,38.867,30,Grassland
-8.267,38.867,30,Grassland
-8.183,38.867,30,Grassland
-8.1,38.867,30,Grassland
-8.017,38.867,30,Grassland
-7.933,38.867,30,Grassland
-7.85,38.867,30,Grassland
-7.767,38.867,30,Grassland
-7.683,38.867,60,Bare / sparse vegetation
-7.6,38.867,10,Tree cover
-7.517,38.867,30,Grassland
-7.433,38.867,30,Grassland
-7.35,38.867,30,Grassland
-7.267,38.867,30,Grassland
-7.183,38.867,30,Grassland
-7.1,38.867,10,Tree cover
-7.017,38.867,40,Cropland
-6.933,38.867,30,Grassland
-6.85,38.867,30,Grassland
-6.767,38.867,60,Bare / sparse vegetation
-6.683,38.867,40,Cropland
-6.6,38.867,40,Cropland
-6.517,38.867,40,Cropland
-6.433,38.867,10,Tree cover
-6.35,38.867,40,Cropland
-6.267,38.867,40,Cropland
-9.6,38.783,80,Permanent water bodies
-9.517,38.783,80,Permanent water bodies
-9.433,38.783,10,Tree cover
-9.35,38.783,50,Built-up
-9.267,38.783,10,Tree cover
-9.183,38.783,10,Tree cover
-9.1,38.783,10,Tree cover
-9.017,38.783,80,Permanent water bodies
-8.933,38.783,20,Shrubland
-8.85,38.783,10,Tree cover
-8.767,38.783,10,Tree cover
-8.683,38.783,30,Grassland
-8.6,38.783,30,Grassland
-8.517,38.783,10,Tree cover
-8.433,38.783,30,Grassland
-8.35,38.783,10,Tree cover
-8.267,38.783,30,Grassland
-8.183,38.783,30,Grassland
-8.1,38.783,30,Grassland
-8.017,38.783,30,Grassland
-7.933,38.783,30,Grassland
-7.85,38.783,30,Grassland
-7.767,38.783,10,Tree cover
-7.683,38.783,30,Grassland
-7.6,38.783,10,Tree cover
-7.517,38.783,60,Bare / sparse vegetation
-7.433,38.783,10,Tree cover
-7.35,38.783,10,Tree cover
-7.267,38.783,10,Tree cover
-7.183,38.783,30,Grassland
-7.1,38.783,10,Tree cover
-7.017,38.783,30,Grassland
-6.933,38.783,30,Grassland
-6.85,38.783,30,Grassland
-6.767,38.783,30,Grassland
-6.683,38.783,10,Tree cover
-6.6,38.783,40,Cropland
-6.517,38.783,40,Cropland
-6.433,38.783,40,Cropland
-6.35,38.783,40,Cropland
-6.267,38.783,80,Permanent water bodies
-9.6,38.7,80,Permanent water bodies
-9.517,38.7,80,Permanent water bodies
-9.433,38.7,50,Built-up
-9.35,38.7,50,Built-up
-9.267,38.7,10,Tree cover
-9.183,38.7,50,Built-up
-9.1,38.7,80,Permanent water bodies
-9.017,38.7,80,Permanent water bodies
-8.933,38.7,40,Cropland
-8.85,38.7,30,Grassland
-8.767,38.7,30,Grassland
-8.683,38.7,10,Tree cover
-8.6,38.7,30,Grassland
-8.517,38.7,10,Tree cover
-8.433,38.7,30,Grassland
-8.35,38.7,30,Grassland
-8.267,38.7,30,Grassland
-8.183,38.7,30,Grassland
-8.1,38.7,10,Tree cover
-8.017,38.7,30,Grassland
-7.933,38.7,10,Tree cover
-7.85,38.7,30,Grassland
-7.767,38.7,30,Grassland
-7.683,38.7,30,Grassland
-7.6,38.7,10,Tree cover
-7.517,38.7,30,Grassland
-7.433,38.7,30,Grassland
-7.35,38.7,40,Cropland
-7.267,38.7,80,Permanent water bodies
-7.183,38.7,30,Grassland
-7.1,38.7,30,Grassland
-7.017,38.7,40,Cropland
-6.933,38.7,40,Cropland
-6.85,38.7,40,Cropland
-6.767,38.7,30,Grassland
-6.683,38.7,40,Cropland
-6.6,38.7,40,Cropland
-6.517,38.7,40,Cropland
-6.433,38.7,40,Cropland
-6.35,38.7,40,Cropland
-6.267,38.7,10,Tree cover
-9.6,38.617,80,Permanent water bodies
-9.517,38.617,80,Permanent water bodies
-9.433,38.617,80,Permanent water bodies
-9.35,38.617,80,Permanent water bodies
-9.267,38.617,80,Permanent water bodies
-9.183,38.617,50,Built-up
-9.1,38.617,50,Built-up
-9.017,38.617,60,Bare / sparse vegetation
-8.933,38.617,30,Grassland
-8.85,38.617,40,Cropland
-8.767,38.617,60,Bare / sparse vegetation
-8.683,38.617,30,Grassland
-8.6,38.617,30,Grassland
-8.517,38.617,10,Tree cover
-8.433,38.617,30,Grassland
-8.35,38.617,30,Grassland
-8.267,38.617,30,Grassland
-8.183,38.617,30,Grassland
-8.1,38.617,10,Tree cover
-8.017,38.617,30,Grassland
-7.933,38.617,10,Tree cover
-7.85,38.617,30,Grassland
-7.767,38.617,40,Cropland
-7.683,38.617,30,Grassland
-7.6,38.617,40,Cropland
-7.517,38.617,30,Grassland
-7.433,38.617,10,Tree cover
-7.35,38.617,30,Grassland
-7.267,38.617,30,Grassland
-7.183,38.617,30,Grassland
-7.1,38.617,30,Grassland
-7.017,38.617,30,Grassland
-6.933,38.617,30,Grassland
-6.85,38.617,30,Grassland
-6.767,38.617,40,Cropland
-6.683,38.617,40,Cropland
-6.6,38.617,30,Grassland
-6.517,38.617,40,Cropland
-6.433,38.617,40,Cropland
-6.35,38.617,40,Cropland
-6.267,38.617,60,Bare / sparse vegetation
-9.6,38.533,80,Permanent water bodies
-9.517,38.533,80,Permanent water bodies
-9.433,38.533,80,Permanent water bodies
-9.35,38.533,80,Permanent water bodies
-9.267,38.533,80,Permanent water bodies
-9.183,38.533,60,Bare / sparse vegetation
-9.1,38.533,30,Grassland
-9.017,38.533,50,Built-up
-8.933,38.533,20,Shrubland
-8.85,38.533,30,Grassland
-8.767,38.533,80,Permanent water bodies
-8.683,38.533,10,Tree cover
-8.6,38.533,20,Shrubland
-8.517,38.533,30,Grassland
-8.433,38.533,30,Grassland
-8.35,38.533,30,Grassland
-8.267,38.533,30,Grassland
-8.183,38.533,30,Grassland
-8.1,38.533,30,Grassland
-8.017,38.533,30,Grassland
-7.933,38.533,30,Grassland
-7.85,38.533,30,Grassland
-7.767,38.533,30,Grassland
-7.683,38.533,30,Grassland
-7.6,38.533,20,Shrubland
-7.517,38.533,30,Grassland
-7.433,38.533,30,Grassland
-7.35,38.533,30,Grassland
-7.267,38.533,30,Grassland
-7.183,38.533,30,Grassland
-7.1,38.533,30,Grassland
-7.017,38.533,30,Grassland
-6.933,38.533,30,Grassland
-6.85,38.533,30,Grassland
-6.767,38.533,10,Tree cover
-6.683,38.533,10,Tree cover
-6.6,38.533,10,Tree cover
-6.517,38.533,40,Cropland
-6.433,38.533,40,Cropland
-6.35,38.533,50,Built-up
-6.267,38.533,30,Grassland
-9.6,38.45,80,Permanent water bodies
-9.517,38.45,80,Permanent water bodies
-9.433,38.45,80,Permanent water bodies
-9.35,38.45,80,Permanent water bodies
-9.267,38.45,80,Permanent water bodies
-9.183,38.45,10,Tree cover
-9.1,38.45,20,Shrubland
-9.017,38.45,80,Permanent water bodies
-8.933,38.45,80,Permanent water bodies
-8.85,38.45,30,Grassland
-8.767,38.45,80,Permanent water bodies
-8.683,38.45,30,Grassland
-8.6,38.45,10,Tree cover
-8.517,38.45,30,Grassland
-8.433,38.45,30,Grassland
-8.35,38.45,20,Shrubland
-8.267,38.45,30,Grassland
-8.183,38.45,30,Grassland
-8.1,38.45,40,Cropland
-8.017,38.45,30,Grassland
-7.933,38.45,30,Grassland
-7.85,38.45,30,Grassland
-7.767,38.45,30,Grassland
-7.683,38.45,10,Tree cover
-7.6,38.45,20,Shrubland
-7.517,38.45,30,Grassland
-7.433,38.45,20,Shrubland
-7.35,38.45,30,Grassland
-7.267,38.45,40,Cropland
-7.183,38.45,20,Shrubland
-7.1,38.45,30,Grassland
-7.017,38.45,30,Grassland
-6.933,38.45,30,Grassland
-6.85,38.45,10,Tree cover
-6.767,38.45,10,Tree cover
-6.683,38.45,10,Tree cover
-6.6,38.45,10,Tree cover
-6.517,38.45,40,Cropland
-6.433,38.45,30,Grassland
-6.35,38.45,40,Cropland
-6.267,38.45,40,Cropland
-9.517,38.367,80,Permanent water bodies
-9.433,38.367,80,Permanent water bodies
-9.35,38.367,80,Permanent water bodies
-9.267,38.367,80,Permanent water bodies
-9.183,38.367,80,Permanent water bodies
-9.1,38.367,80,Permanent water bodies
-9.017,38.367,80,Permanent water bodies
-8.933,38.367,80,Permanent water bodies
-8.85,38.367,80,Permanent water bodies
-8.767,38.367,60,Bare / sparse vegetation
-8.683,38.367,40,Cropland
-8.6,38.367,30,Grassland
-8.517,38.367,40,Cropland
-8.433,38.367,30,Grassland
-8.35,38.367,30,Grassland
-8.267,38.367,30,Grassland
-8.183,38.367,30,Grassland
-8.1,38.367,30,Grassland
-8.017,38.367,30,Grassland
-7.933,38.367,30,Grassland
-7.85,38.367,10,Tree cover
-7.767,38.367,30,Grassland
-7.683,38.367,30,Grassland
-7.6,38.367,10,Tree cover
-7.517,38.367,30,Grassland
-7.433,38.367,30,Grassland
-7.35,38.367,80,Permanent water bodies
-7.267,38.367,40,Cropland
-7.183,38.367,40,Cropland
-7.1,38.367,30,Grassland
-7.017,38.367,30,Grassland
-6.933,38.367,10,Tree cover
-6.85,38.367,10,Tree cover
-6.767,38.367,30,Grassland
-6.683,38.367,30,Grassland
-6.6,38.367,30,Grassland
-6.517,38.367,30,Grassland
-6.433,38.367,10,Tree cover
-6.35,38.367,30,Grassland
-6.267,38.367,40,Cropland
-9.433,38.283,80,Permanent water bodies
-9.35,38.283,80,Permanent water bodies
-9.267,38.283,80,Permanent water bodies
-9.183,38.283,80,Permanent water bodies
-9.1,38.283,80,Permanent water bodies
-9.017,38.283,80,Permanent water bodies
-8.933,38.283,80,Permanent water bodies
-8.85,38.283,80,Permanent water bodies
-8.767,38.283,60,Bare / sparse vegetation
-8.683,38.283,30,Grassland
-8.6,38.283,10,Tree cover
-8.517,38.283,20,Shrubland
-8.433,38.283,40,Cropland
-8.35,38.283,30,Grassland
-8.267,38.283,30,Grassland
-8.183,38.283,40,Cropland
-8.1,38.283,30,Grassland
-8.017,38.283,30,Grassland
-7.933,38.283,30,Grassland
-7.85,38.283,30,Grassland
-7.767,38.283,30,Grassland
-7.683,38.283,30,Grassland
-7.6,38.283,30,Grassland
-7.517,38.283,30,Grassland
-7.433,38.283,30,Grassland
-7.35,38.283,30,Grassland
-7.267,38.283,30,Grassland
-7.183,38.283,30,Grassland
-7.1,38.283,30,Grassland
-7.017,38.283,30,Grassland
-6.933,38.283,60,Bare / sparse vegetation
-6.85,38.283,10,Tree cover
-6.767,38.283,30,Grassland
-6.683,38.283,20,Shrubland
-6.6,38.283,30,Grassland
-6.517,38.283,30,Grassland
-6.433,38.283,30,Grassland
-6.35,38.283,40,Cropland
-6.267,38.283,40,Cropland
-9.433,38.2,80,Permanent water bodies
-9.35,38.2,80,Permanent water bodies
-9.267,38.2,80,Permanent water bodies
-9.183,38.2,80,Permanent water bodies
-9.1,38.2,80,Permanent water bodies
-9.017,38.2,80,Permanent water bodies
-8.933,38.2,80,Permanent water bodies
-8.85,38.2,80,Permanent water bodies
-8.767,38.2,60,Bare / sparse vegetation
-8.683,38.2,30,Grassland
-8.6,38.2,10,Tree cover
-8.517,38.2,30,Grassland
-8.433,38.2,30,Grassland
-8.35,38.2,30,Grassland
-8.267,38.2,30,Grassland
-8.183,38.2,30,Grassland
-8.1,38.2,80,Permanent water bodies
-8.017,38.2,30,Grassland
-7.933,38.2,40,Cropland
-7.85,38.2,10,Tree cover
-7.767,38.2,30,Grassland
-7.683,38.2,10,Tree cover
-7.6,38.2,10,Tree cover
-7.517,38.2,10,Tree cover
-7.433,38.2,10,Tree cover
-7.35,38.2,30,Grassland
-7.267,38.2,30,Grassland
-7.183,38.2,20,Shrubland
-7.1,38.2,20,Shrubland
-7.017,38.2,20,Shrubland
-6.933,38.2,30,Grassland
-6.85,38.2,30,Grassland
-6.767,38.2,10,Tree cover
-6.683,38.2,10,Tree cover
-6.6,38.2,30,Grassland
-6.517,38.2,10,Tree cover
-6.433,38.2,30,Grassland
-6.35,38.2,40,Cropland
-6.267,38.2,30,Grassland
-9.1,38.117,80,Permanent water bodies
-9.017,38.117,80,Permanent water bodies
-8.933,38.117,80,Permanent water bodies
-8.85,38.117,80,Permanent water bodies
-8.767,38.117,30,Grassland
-8.683,38.117,30,Grassland
-8.6,38.117,30,Grassland
-8.517,38.117,30,Grassland
-8.433,38.117,30,Grassland
-8.35,38.117,80,Permanent water bodies
-8.267,38.117,10,Tree cover
-8.183,38.117,30,Grassland
-8.1,38.117,30,Grassland
-8.017,38.117,30,Grassland
-7.933,38.117,30,Grassland
-7.85,38.117,10,Tree cover
-7.767,38.117,40,Cropland
-7.683,38.117,30,Grassland
-7.6,38.117,30,Grassland
-7.517,38.117,30,Grassland
-7.433,38.117,40,Cropland
-7.35,38.117,30,Grassland
-7.267,38.117,30,Grassland
-7.183,38.117,30,Grassland
-7.1,38.117,30,Grassland
-7.017,38.117,30,Grassland
-6.933,38.117,10,Tree cover
-6.85,38.117,30,Grassland
-6.767,38.117,10,Tree cover
-6.683,38.117,30,Grassland
-6.6,38.117,30,Grassland
-6.517,38.117,30,Grassland
-6.433,38.117,10,Tree cover
-6.35,38.117,10,Tree cover
-6.267,38.117,10,Tree cover
-9.1,38.033,80,Permanent water bodies
-9.017,38.033,80,Permanent water bodies
-8.933,38.033,80,Permanent water bodies
-8.85,38.033,80,Permanent water bodies
-8.767,38.033,10,Tree cover
-8.683,38.033,30,Grassland
-8.6,38.033,30,Grassland
-8.517,38.033,30,Grassland
-8.433,38.033,30,Grassland
-8.35,38.033,30,Grassland
-8.267,38.033,30,Grassland
-8.183,38.033,10,Tree cover
-8.1,38.033,30,Grassland
-8.017,38.033,30,Grassland
-7.933,38.033,10,Tree cover
-7.85,38.033,30,Grassland
-7.767,38.033,10,Tree cover
-7.683,38.033,30,Grassland
-7.6,38.033,30,Grassland
-7.517,38.033,10,Tree cover
-7.433,38.033,10,Tree cover
-7.35,38.033,30,Grassland
-7.267,38.033,30,Grassland
-7.183,38.033,30,Grassland
-7.1,38.033,30,Grassland
-7.017,38.033,10,Tree cover
-6.933,38.033,10,Tree cover
-6.85,38.033,10,Tree cover
-6.767,38.033,20,Shrubland
-6.683,38.033,10,Tree cover
-6.6,38.033,10,Tree cover
-6.517,38.033,10,Tree cover
-6.433,38.033,10,Tree cover
-6.35,38.033,10,Tree cover
-6.267,38.033,10,Tree cover
-9.183,37.95,80,Permanent water bodies
-9.1,37.95,80,Permanent water bodies
-9.017,37.95,80,Permanent water bodies
-8.933,37.95,80,Permanent water bodies
-8.85,37.95,30,Grassland
-8.767,37.95,10,Tree cover
-8.683,37.95,10,Tree cover
-8.6,37.95,10,Tree cover
-8.517,37.95,30,Grassland
-8.433,37.95,30,Grassland
-8.35,37.95,40,Cropland
-8.267,37.95,30,Grassland
-8.183,37.95,40,Cropland
-8.1,37.95,40,Cropland
-8.017,37.95,50,Built-up
-7.933,37.95,30,Grassland
-7.85,37.95,40,Cropland
-7.767,37.95,60,Bare / sparse vegetation
-7.683,37.95,40,Cropland
-7.6,37.95,30,Grassland
-7.517,37.95,10,Tree cover
-7.433,37.95,30,Grassland
-7.35,37.95,30,Grassland
-7.267,37.95,30,Grassland
-7.183,37.95,30,Grassland
-7.1,37.95,10,Tree cover
-7.017,37.95,30,Grassland
-6.933,37.95,10,Tree cover
-6.85,37.95,10,Tree cover
-6.767,37.95,10,Tree cover
-6.683,37.95,50,Built-up
-6.6,37.95,10,Tree cover
-6.517,37.95,10,Tree cover
-6.433,37.95,10,Tree cover
-6.35,37.95,30,Grassland
-6.267,37.95,10,Tree cover
-9.1,37.867,80,Permanent water bodies
-9.017,37.867,80,Permanent water bodies
-8.933,37.867,80,Permanent water bodies
-8.85,37.867,80,Permanent water bodies
-8.767,37.867,30,Grassland
-8.683,37.867,10,Tree cover
-8.6,37.867,30,Grassland
-8.517,37.867,30,Grassland
-8.433,37.867,30,Grassland
-8.35,37.867,30,Grassland
-8.267,37.867,60,Bare / sparse vegetation
-8.183,37.867,60,Bare / sparse vegetation
-8.1,37.867,30,Grassland
-8.017,37.867,30,Grassland
-7.933,37.867,30,Grassland
-7.85,37.867,40,Cropland
-7.767,37.867,10,Tree cover
-7.683,37.867,30,Grassland
-7.6,37.867,10,Tree cover
-7.517,37.867,30,Grassland
-7.433,37.867,40,Cropland
-7.35,37.867,30,Grassland
-7.267,37.867,10,Tree cover
-7.183,37.867,20,Shrubland
-7.1,37.867,10,Tree cover
-7.017,37.867,10,Tree cover
-6.933,37.867,10,Tree cover
-6.85,37.867,10,Tree cover
-6.767,37.867,10,Tree cover
-6.683,37.867,10,Tree cover
-6.6,37.867,30,Grassland
-6.517,37.867,10,Tree cover
-6.433,37.867,10,Tree cover
-6.35,37.867,10,Tree cover
-6.267,37.867,10,Tree cover
-9.1,37.783,80,Permanent water bodies
-9.017,37.783,80,Permanent water bodies
-8.933,37.783,80,Permanent water bodies
-8.85,37.783,80,Permanent water bodies
-8.767,37.783,40,Cropland
-8.683,37.783,10,Tree cover
-8.6,37.783,30,Grassland
-8.517,37.783,30,Grassland
-8.433,37.783,30,Grassland
-8.35,37.783,30,Grassland
-8.267,37.783,30,Grassland
-8.183,37.783,40,Cropland
-8.1,37.783,30,Grassland
-8.017,37.783,30,Grassland
-7.933,37.783,30,Grassland
-7.85,37.783,30,Grassland
-7.767,37.783,30,Grassland
-7.683,37.783,30,Grassland
-7.6,37.783,30,Grassland
-7.517,37.783,30,Grassland
-7.433,37.783,30,Grassland
-7.35,37.783,30,Grassland
-7.267,37.783,30,Grassland
-7.183,37.783,30,Grassland
-7.1,37.783,30,Grassland
-7.017,37.783,60,Bare / sparse vegetation
-6.933,37.783,10,Tree cover
-6.85,37.783,20,Shrubland
-6.767,37.783,80,Permanent water bodies
-6.683,37.783,10,Tree cover
-6.6,37.783,30,Grassland
-6.517,37.783,30,Grassland
-6.433,37.783,30,Grassland
-6.35,37.783,30,Grassland
-6.267,37.783,40,Cropland
-9.1,37.7,80,Permanent water bodies
-9.017,37.7,80,Permanent water bodies
-8.933,37.7,80,Permanent water bodies
-8.85,37.7,80,Permanent water bodies
-8.767,37.7,30,Grassland
-8.683,37.7,10,Tree cover
-8.6,37.7,30,Grassland
-8.517,37.7,30,Grassland
-8.433,37.7,30,Grassland
-8.35,37.7,30,Grassland
-8.267,37.7,30,Grassland
-8.183,37.7,30,Grassland
-8.1,37.7,30,Grassland
-8.017,37.7,30,Grassland
-7.933,37.7,30,Grassland
-7.85,37.7,30,Grassland
-7.767,37.7,20,Shrubland
-7.683,37.7,30,Grassland
-7.6,37.7,30,Grassland
-7.517,37.7,30,Grassland
-7.433,37.7,20,Shrubland
-7.35,37.7,30,Grassland
-7.267,37.7,10,Tree cover
-7.183,37.7,30,Grassland
-7.1,37.7,30,Grassland
-7.017,37.7,30,Grassland
-6.933,37.7,60,Bare / sparse vegetation
-6.85,37.7,60,Bare / sparse vegetation
-6.767,37.7,20,Shrubland
-6.683,37.7,30,Grassland
-6.6,37.7,10,Tree cover
-6.517,37.7,30,Grassland
-6.433,37.7,30,Grassland
-6.35,37.7,30,Grassland
-6.267,37.7,20,Shrubland
-9.1,37.617,80,Permanent water bodies
-9.017,37.617,80,Permanent water bodies
-8.933,37.617,80,Permanent water bodies
-8.85,37.617,80,Permanent water bodies
-8.767,37.617,40,Cropland
-8.683,37.617,20,Shrubland
-8.6,37.617,10,Tree cover
-8.517,37.617,20,Shrubland
-8.433,37.617,20,Shrubland
-8.35,37.617,10,Tree cover
-8.267,37.617,30,Grassland
-8.183,37.617,30,Grassland
-8.1,37.617,30,Grassland
-8.017,37.617,30,Grassland
-7.933,37.617,30,Grassland
-7.85,37.617,20,Shrubland
-7.767,37.617,30,Grassland
-7.683,37.617,60,Bare / sparse vegetation
-7.6,37.617,30,Grassland
-7.517,37.617,40,Cropland
-7.433,37.617,30,Grassland
-7.35,37.617,20,Shrubland
-7.267,37.617,30,Grassland
-7.183,37.617,20,Shrubland
-7.1,37.617,30,Grassland
-7.017,37.617,30,Grassland
-6.933,37.617,30,Grassland
-6.85,37.617,20,Shrubland
-6.767,37.617,30,Grassland
-6.683,37.617,30,Grassland
-6.6,37.617,20,Shrubland
-6.517,37.617,20,Shrubland
-6.433,37.617,10,Tree cover
-6.35,37.617,10,Tree cover
-6.267,37.617,10,Tree cover
-9.1,37.533,80,Permanent water bodies
-9.017,37.533,80,Permanent water bodies
-8.933,37.533,80,Permanent water bodies
-8.85,37.533,80,Permanent water bodies
-8.767,37.533,30,Grassland
-8.683,37.533,30,Grassland
-8.6,37.533,10,Tree cover
-8.517,37.533,10,Tree cover
-8.433,37.533,20,Shrubland
-8.35,37.533,30,Grassland
-8.267,37.533,30,Grassland
-8.183,37.533,30,Grassland
-8.1,37.533,30,Grassland
-8.017,37.533,30,Grassland
-7.933,37.533,40,Cropland
-7.85,37.533,20,Shrubland
-7.767,37.533,20,Shrubland
-7.683,37.533,20,Shrubland
-7.6,37.533,30,Grassland
-7.517,37.533,20,Shrubland
-7.433,37.533,20,Shrubland
-7.35,37.533,30,Grassland
-7.267,37.533,20,Shrubland
-7.183,37.533,10,Tree cover
-7.1,37.533,30,Grassland
-7.017,37.533,20,Shrubland
-6.933,37.533,20,Shrubland
-6.85,37.533,20,Shrubland
-6.767,37.533,20,Shrubland
-6.683,37.533,10,Tree cover
-6.6,37.533,20,Shrubland
-6.517,37.533,10,Tree cover
-6.433,37.533,10,Tree cover
-6.35,37.533,20,Shrubland
-6.267,37.533,10,Tree cover
-9.1,37.45,80,Permanent water bodies
-9.017,37.45,80,Permanent water bodies
-8.933,37.45,80,Permanent water bodies
-8.85,37.45,80,Permanent water bodies
-8.767,37.45,60,Bare / sparse vegetation
-8.683,37.45,10,Tree cover
-8.6,37.45,30,Grassland
-8.517,37.45,20,Shrubland
-8.433,37.45,10,Tree cover
-8.35,37.45,10,Tree cover
-8.267,37.45,20,Shrubland
-8.183,37.45,30,Grassland
-8.1,37.45,10,Tree cover
-8.017,37.45,30,Grassland
-7.933,37.45,30,Grassland
-7.85,37.45,30,Grassland
-7.767,37.45,30,Grassland
-7.683,37.45,20,Shrubland
-7.6,37.45,30,Grassland
-7.517,37.45,20,Shrubland
-7.433,37.45,30,Grassland
-7.35,37.45,30,Grassland
-7.267,37.45,60,Bare / sparse vegetation
-7.183,37.45,30,Grassland
-7.1,37.45,60,Bare / sparse vegetation
-7.017,37.45,30,Grassland
-6.933,37.45,20,Shrubland
-6.85,37.45,30,Grassland
-6.767,37.45,30,Grassland
-6.683,37.45,20,Shrubland
-6.6,37.45,20,Shrubland
-6.517,37.45,30,Grassland
-6.433,37.45,40,Cropland
-6.35,37.45,40,Cropland
-6.267,37.45,40,Cropland
-9.1,37.367,80,Permanent water bodies
-9.017,37.367,80,Permanent water bodies
-8.933,37.367,80,Permanent water bodies
-8.85,37.367,80,Permanent water bodies
-8.767,37.367,30,Grassland
-8.683,37.367,20,Shrubland
-8.6,37.367,10,Tree cover
-8.517,37.367,10,Tree cover
-8.433,37.367,10,Tree cover
-8.35,37.367,30,Grassland
-8.267,37.367,10,Tree cover
-8.183,37.367,10,Tree cover
-8.1,37.367,20,Shrubland
-8.017,37.367,10,Tree cover
-7.933,37.367,10,Tree cover
-7.85,37.367,30,Grassland
-7.767,37.367,10,Tree cover
-7.683,37.367,30,Grassland
-7.6,37.367,20,Shrubland
-7.517,37.367,20,Shrubland
-7.433,37.367,20,Shrubland
-7.35,37.367,30,Grassland
-7.267,37.367,60,Bare / sparse vegetation
-7.183,37.367,20,Shrubland
-7.1,37.367,10,Tree cover
-7.017,37.367,40,Cropland
-6.933,37.367,40,Cropland
-6.85,37.367,40,Cropland
-6.767,37.367,40,Cropland
-6.683,37.367,30,Grassland
-6.6,37.367,30,Grassland
-6.517,37.367,30,Grassland
-6.433,37.367,30,Grassland
-6.35,37.367,40,Cropland
-6.267,37.367,40,Cropland
-9.183,37.283,80,Permanent water bodies
-9.1,37.283,80,Permanent water bodies
-9.017,37.283,80,Permanent water bodies
-8.933,37.283,80,Permanent water bodies
-8.85,37.283,20,Shrubland
-8.767,37.283,10,Tree cover
-8.683,37.283,20,Shrubland
-8.6,37.283,10,Tree cover
-8.517,37.283,30,Grassland
-8.433,37.283,20,Shrubland
-8.35,37.283,30,Grassland
-8.267,37.283,30,Grassland
-8.183,37.283,20,Shrubland
-8.1,37.283,20,Shrubland
-8.017,37.283,20,Shrubland
-7.933,37.283,30,Grassland
-7.85,37.283,30,Grassland
-7.767,37.283,20,Shrubland
-7.683,37.283,10,Tree cover
-7.6,37.283,20,Shrubland
-7.517,37.283,80,Permanent water bodies
-7.433,37.283,30,Grassland
-7.35,37.283,30,Grassland
-7.267,37.283,40,Cropland
-7.183,37.283,30,Grassland
-7.1,37.283,10,Tree cover
-7.017,37.283,60,Bare / sparse vegetation
-6.933,37.283,50,Built-up
-6.85,37.283,90,Herbaceous wetland
-6.767,37.283,60,Bare / sparse vegetation
-6.683,37.283,20,Shrubland
-6.6,37.283,30,Grassland
-6.517,37.283,40,Cropland
-6.433,37.283,10,Tree cover
-6.35,37.283,30,Grassland
-6.267,37.283,30,Grassland
-9.183,37.2,80,Permanent water bodies
-9.1,37.2,80,Permanent water bodies
-9.017,37.2,80,Permanent water bodies
-8.933,37.2,80,Permanent water bodies
-8.85,37.2,30,Grassland
-8.767,37.2,10,Tree cover
-8.683,37.2,20,Shrubland
-8.6,37.2,10,Tree cover
-8.517,37.2,30,Grassland
-8.433,37.2,10,Tree cover
-8.35,37.2,30,Grassland
-8.267,37.2,10,Tree cover
-8.183,37.2,30,Grassland
-8.1,37.2,20,Shrubland
-8.017,37.2,30,Grassland
-7.933,37.2,10,Tree cover
-7.85,37.2,20,Shrubland
-7.767,37.2,20,Shrubland
-7.683,37.2,20,Shrubland
-7.6,37.2,20,Shrubland
-7.517,37.2,50,Built-up
-7.433,37.2,90,Herbaceous wetland
-7.35,37.2,90,Herbaceous wetland
-7.267,37.2,80,Permanent water bodies
-7.183,37.2,80,Permanent water bodies
-7.1,37.2,80,Permanent water bodies
-7.017,37.2,60,Bare / sparse vegetation
-6.933,37.2,60,Bare / sparse vegetation
-6.85,37.2,60,Bare / sparse vegetation
-6.767,37.2,30,Grassland
-6.683,37.2,20,Shrubland
-6.6,37.2,10,Tree cover
-6.517,37.2,60,Bare / sparse vegetation
-6.433,37.2,10,Tree cover
-6.35,37.2,60,Bare / sparse vegetation
-6.267,37.2,30,Grassland
-9.267,37.117,80,Permanent water bodies
-9.183,37.117,80,Permanent water bodies
-9.1,37.117,80,Permanent water bodies
-9.017,37.117,80,Permanent water bodies
-8.933,37.117,80,Permanent water bodies
-8.85,37.117,10,Tree cover
-8.767,37.117,20,Shrubland
-8.683,37.117,30,Grassland
-8.6,37.117,80,Permanent water bodies
-8.517,37.117,50,Built-up
-8.433,37.117,30,Grassland
-8.35,37.117,30,Grassland
-8.267,37.117,30,Grassland
-8.183,37.117,30,Grassland
-8.1,37.117,60,Bare / sparse vegetation
-8.017,37.117,20,Shrubland
-7.933,37.117,20,Shrubland
-7.85,37.117,30,Grassland
-7.767,37.117,20,Shrubland
-7.683,37.117,40,Cropland
-7.6,37.117,80,Permanent water bodies
-7.517,37.117,80,Permanent water bodies
-7.433,37.117,80,Permanent water bodies
-7.35,37.117,80,Permanent water bodies
-7.267,37.117,80,Permanent water bodies
-7.183,37.117,80,Permanent water bodies
-7.1,37.117,80,Permanent water bodies
-7.017,37.117,80,Permanent water bodies
-6.933,37.117,80,Permanent water bodies
-6.85,37.117,80,Permanent water bodies
-6.767,37.117,10,Tree cover
-6.683,37.117,30,Grassland
-6.6,37.117,20,Shrubland
-6.517,37.117,40,Cropland
-6.433,37.117,30,Grassland
-6.35,37.117,90,Herbaceous wetland
-6.267,37.117,40,Cropland
-9.267,37.033,80,Permanent water bodies
-9.183,37.033,80,Permanent water bodies
-9.1,37.033,80,Permanent water bodies
-9.017,37.033,80,Permanent water bodies
-8.933,37.033,30,Grassland
-8.85,37.033,80,Permanent water bodies
-8.767,37.033,80,Permanent water bodies
-8.683,37.033,80,Permanent water bodies
-8.6,37.033,80,Permanent water bodies
-8.517,37.033,80,Permanent water bodies
-8.433,37.033,80,Permanent water bodies
-8.35,37.033,80,Permanent water bodies
-8.267,37.033,80,Permanent water bodies
-8.183,37.033,80,Permanent water bodies
-8.1,37.033,80,Permanent water bodies
-8.017,37.033,10,Tree cover
-7.933,37.033,50,Built-up
-7.85,37.033,30,Grassland
-7.767,37.033,30,Grassland
-7.683,37.033,80,Permanent water bodies
-7.6,37.033,80,Permanent water bodies
-7.517,37.033,80,Permanent water bodies
-7.433,37.033,80,Permanent water bodies
-7.35,37.033,80,Permanent water bodies
-7.267,37.033,80,Permanent water bodies
-7.183,37.033,80,Permanent water bodies
-7.1,37.033,80,Permanent water bodies
-7.017,37.033,80,Permanent water bodies
-6.933,37.033,80,Permanent water bodies
-6.85,37.033,80,Permanent water bodies
-6.767,37.033,80,Permanent water bodies
-6.683,37.033,80,Permanent water bodies
-6.6,37.033,20,Shrubland
-6.517,37.033,60,Bare / sparse vegetation
-6.433,37.033,30,Grassland
-6.35,37.033,90,Herbaceous wetland
-6.267,37.033,90,Herbaceous wetland
-9.267,36.95,80,Permanent water bodies
-9.183,36.95,80,Permanent water bodies
-9.1,36.95,80,Permanent water bodies
-9.017,36.95,80,Permanent water bodies
-8.933,36.95,80,Permanent water bodies
-8.85,36.95,80,Permanent water bodies
-8.767,36.95,80,Permanent water bodies
-8.683,36.95,80,Permanent water bodies
-8.6,36.95,80,Permanent water bodies
-8.517,36.95,80,Permanent water bodies
-8.433,36.95,80,Permanent water bodies
-8.35,36.95,80,Permanent water bodies
-8.267,36.95,80,Permanent water bodies
-8.183,36.95,80,Permanent water bodies
-8.1,36.95,80,Permanent water bodies
-8.017,36.95,80,Permanent water bodies
-7.933,36.95,80,Permanent water bodies
-7.85,36.95,80,Permanent water bodies
-7.767,36.95,80,Permanent water bodies
-7.683,36.95,80,Permanent water bodies
-7.6,36.95,80,Permanent water bodies
-7.517,36.95,80,Permanent water bodies
-7.433,36.95,80,Permanent water bodies
-7.35,36.95,80,Permanent water bodies
-7.267,36.95,80,Permanent water bodies
-7.183,36.95,80,Permanent water bodies
-7.1,36.95,80,Permanent water bodies
-7.017,36.95,80,Permanent water bodies
-6.933,36.95,80,Permanent water bodies
-6.85,36.95,80,Permanent water bodies
-6.767,36.95,80,Permanent water bodies
-6.683,36.95,80,Permanent water bodies
-6.6,36.95,80,Permanent water bodies
-6.517,36.95,80,Permanent water bodies
-6.433,36.95,60,Bare / sparse vegetation
-6.35,36.95,90,Herbaceous wetland
-6.267,36.95,90,Herbaceous wetland
-9.183,36.867,80,Permanent water bodies
-9.1,36.867,80,Permanent water bodies
-9.017,36.867,80,Permanent water bodies
-8.933,36.867,80,Permanent water bodies
-8.85,36.867,80,Permanent water bodies
-8.767,36.867,80,Permanent water bodies
-8.683,36.867,80,Permanent water bodies
-8.6,36.867,80,Permanent water bodies
-8.517,36.867,80,Permanent water bodies
-8.433,36.867,80,Permanent water bodies
-8.35,36.867,80,Permanent water bodies
-8.267,36.867,80,Permanent water bodies
-8.183,36.867,80,Permanent water bodies
-8.1,36.867,80,Permanent water bodies
-8.017,36.867,80,Permanent water bodies
-7.933,36.867,80,Permanent water bodies
-7.85,36.867,80,Permanent water bodies
-7.767,36.867,80,Permanent water bodies
-7.683,36.867,80,Permanent water bodies
-7.6,36.867,80,Permanent water bodies
-7.517,36.867,80,Permanent water bodies
-6.933,36.867,80,Permanent water bodies
-6.85,36.867,80,Permanent water bodies
-6.767,36.867,80,Permanent water bodies
-6.683,36.867,80,Permanent water bodies
-6.6,36.867,80,Permanent water bodies
-6.517,36.867,80,Permanent water bodies
-6.433,36.867,80,Permanent water bodies
-6.35,36.867,80,Permanent water bodies
-6.267,36.867,40,Cropland
